num_economico,maquina,tipo_unidad,marca,modelo,placas,num_serie,procedencia,estatus,ubicacion,responsable,tramo,segmento,capacidad,metrica,lectura_actual,fecha_alta,tipo_combustible,revisar
CRG-500-007,EQUIPO CRIBADO SCALPER 7500 RM,maquinaria_pesada,RM,RM HS5000M,,HS5000M-01171,PROPIO,ACTIVA,BANCO EL HUIZACHITO,ANGEL CORONEL,1,S19-03,,horometro,2570.5,2026-03-20,,
CPR-105-006,CRIBA VIBRATORIA RM 10500,maquinaria_pesada,RM,RM MSC10500M-3D,,MSC10500M-3D-01056,PROPIO,ACTIVA,BANCO EL HUIZACHITO,ANGEL CORONEL,1,S19-03,,horometro,2244.15,2026-03-20,,
CRG-105-008,CRIBA VIBRATORIA RM,maquinaria_pesada,RM,MSC 10500M-3D,,RM MSC10500M-3D-01072,PROPIO,ACTIVA,BANCO EL HUIZACHITO,ANGEL CORONEL,1,S19-04,,horometro,12.0,2026-06-12,,
TMI-120-010,TRITURADORA,maquinaria_pesada,RM,RM 120X,,RM 120X-01.241,PROPIO,ACTIVA,BANCO EL HUIZACHITO,ANGEL CORONEL,1,S19-05,,horometro,22.8,2026-06-13,,
EHO-330-056,EXCAVADORA HIDRAULICA,maquinaria_pesada,CATERPILLAR,330,,KEL30593,PROPIO,ACTIVA,BANCO EL HUIZACHITO,ANGEL CORONEL,1,S19-03,1.8MÂ³,horometro,7082.0,2025-11-07,,
EHO-215-058,EXCAVADORA HIDRAULICA,maquinaria_pesada,SANY,SY215C,,SY021NCCS7968,PROPIO,ACTIVA,351+340,ANTONIO PONCE,2,S19-03,1.0MÂ³,horometro,4918.77,2026-03-20,,
EHO-215-060,EXCAVADORA HIDRAULICA,maquinaria_pesada,SANY,SY215C,,SY021NCCS7938,PROPIO,ACTIVA,346+300,PAZ HERNANDEZ,1,S19-02,1.0MÂ³,horometro,5926.41,2026-04-11,,
EHO-365-053,EXCAVADORA HIDRAULICA,maquinaria_pesada,SANY,SY365H,,SY036RCC77268,PROPIO,ACTIVA,BANCO EL HUIZACHITO,ANGEL CORONEL,1,S19-03,2.3MÂ³,horometro,6070.94,2026-03-14,,
EHO-380-074,EXCAVADORA HIDRAULICA,maquinaria_pesada,XCMG,XE3380DX,,XUGA3801JPKA03244,PROPIO,ACTIVA,BANCO EL HUIZACHITO,ANGEL CORONEL,1,S19-03,2.1MÂ³,horometro,221.2,2026-04-22,,
EHO-336-082,EXCAVADORA HIDRAULICA,maquinaria_pesada,CATERPILLAR,336,,CAT00336CMZR30681,PROPIO,ACTIVA,BANCO EL HUIZACHITO,ANGEL CORONEL,1,S19-03,2.4MÂ³,horometro,6.0,2026-06-12,,
EHO-336-083,EXCAVADORA HIDRAULICA,maquinaria_pesada,CATERPILLAR,336,,CAT00336TMZR30688,PROPIO,ACTIVA,BANCO EL HUIZACHITO,ANGEL CORONEL,1,S19-03,2.4MÂ³,horometro,5.6,2026-06-12,,
EHO-336-084,EXCAVADORA HIDRAULICA,maquinaria_pesada,CATERPILLAR,336,,CAT00336AMZR30702,PROPIO,ACTIVA,BANCO EL HUIZACHITO,ANGEL CORONEL,1,S19-03,2.4MÂ³,horometro,5.6,2026-06-12,,
CAD-815-029,TRACTOR COMPACTADOR,maquinaria_pesada,CATERPILLAR,815,,CAT00815CM5C00246,PROPIO,INACTIVA,TALLER MADISA NUEVO LAREDO,ANTONIO PONCE,2,S19-03,,horometro,10.0,2026-03-25,,
TRO-D8T-002,TRACTOR TOPADOR (BULLDOZER),maquinaria_pesada,CATERPILLAR,D8,,J8B02868,PROPIO,INACTIVA,346+300,PAZ HERNANDEZ,1,S19-02,11.8MÂ³,horometro,11840.6,2026-04-08,,
TRO-D8-015,TRACTOR TOPADOR (BULLDOZER),maquinaria_pesada,CATERPILLAR,D8,,0AE800486,PROPIO,ACTIVA,BANCO EL HUIZACHITO,ANGEL CORONEL,1,S19-03,11.8MÂ³,horometro,4659.8,2025-11-07,,
TRO-D6T-007,TRACTOR TOPADOR (BULLDOZER),maquinaria_pesada,CATERPILLAR,D6,,SMC02144,PROPIO,ACTIVA,351+340,ANTONIO PONCE,2,S19-03,7.8MÂ³,horometro,3963.6,2025-12-18,,
TRO-D6T-016,TRACTOR TOPADOR (BULLDOZER),maquinaria_pesada,CATERPILLAR,D6,,TXD25810,PROPIO,ACTIVA,346+300,PAZ HERNANDEZ,1,S19-02,7.8MÂ³,horometro,3013.8,2026-06-09,,
COL-25-014,CAMION ORQUESTA PARA SUMINISTRO DE COMBUSTIBLE,marimba,LORESA/FREIGHTLINER,2025,CV-4156-H,3R9C51212SA182159/1FUBGDDRX9LAK7976,PROPIO,ACTIVA,ALMACEN ANAHUAC,MIRIAM ZAMBRANO,1,S19-02,3000LT,kilometraje,,2025-11-07,,DUPLICADA en catalogo de vehiculos (CAMION P/ MARIMBA CV-4156-H)
CPL-23-001,CAMION CON PLATAFORMA Y GRUA HIDRAULICA,sin_clasificar,FREIGHTLINER,2023,38-BB-8V,3R9CH1215PA10182283,PROPIO,ACTIVA,ALMACEN ANAHUAC,MIRIAM ZAMBRANO,1,S19-02,15TON,kilometraje,,2026-02-09,,No encaja en las 4 categorias de la app
RHN-416-042,RETROEXCAVADORA,maquinaria_pesada,CATERPILLAR,416,,CAD00416VL9P09767,PROPIO,ACTIVA,351+340,ANTONIO PONCE,2,S19-03,0.76MÂ³,horometro,2595.7,2026-02-09,,
RHN-416-054,RETROEXCAVADORA,maquinaria_pesada,CATERPILLAR,416,,CAT00416KL9P14950,PROPIO,ACTIVA,ALMACEN ANAHUAC,RAFAEL ARGUELLES,1,S19-02,0.76MÂ³,horometro,26.4,2026-06-11,,
RHN-416-057,RETROEXCAVADORA,maquinaria_pesada,CATERPILLAR,416,,CAT00416JL9P14626,PROPIO,ACTIVA,BANCO EL HUIZACHITO,ANTONIO AVILA,1,S19-02,0.76MÂ³,horometro,7.2,2026-06-11,,
CFN-950-017,CARGADOR FRONTAL,maquinaria_pesada,CATERPILLAR,950,,CAT00950KRM700250,PROPIO,INACTIVA,BANCO EL HUIZACHITO,ANGEL CORONEL,1,S19-03,3.9MÂ³,horometro,2367.5,2026-04-11,,Estatus contradictorio entre columnas del Excel
CFN-966-012,CARGADOR FRONTAL,maquinaria_pesada,CATERPILLAR,966GC,,CAT00966HSGW00844,PROPIO,ACTIVA,BANCO EL HUIZACHITO,ANGEL CORONEL,1,S19-03,4.5MÂ³,horometro,5718.3,2026-04-22,,
CFN-950-013,CARGADOR FRONTAL,maquinaria_pesada,CATERPILLAR,950GC,,M5K05424,PROPIO,ACTIVA,BANCO EL HUIZACHITO,ANGEL CORONEL,1,S19-03,3.9,horometro,8208.9,2026-05-08,,
CAS-200-012,VIBROCOMPACTADOR,maquinaria_pesada,SANY,SSR200C-8H,,YZ1520CC1545,PROPIO,ACTIVA,346+300,PAZ HERNANDEZ,1,S19-02,20TON,horometro,5878.3,2026-02-21,,
CAS-520-019,VIBROCOMPACTADOR,maquinaria_pesada,SEM,SEM520,,SEM00520TS8Z00342,PROPIO,INACTIVA,351+340,ANTONIO PONCE,2,S19-03,20TON,horometro,1805.9,2026-02-21,,
CAD-S11-016,VIBROCOMPACTADOR,maquinaria_pesada,CATERPILLAR,CS11GC,,CAT0CS11VRK801687,PROPIO,ACTIVA,ALMACEN ANAHUAC,RAFAEL ARGUELLES,1,S19-02,11TON,horometro,2621.6,2026-03-29,,
CAS-200-014,VIBROCOMPACTADOR,maquinaria_pesada,SANY,SSR200C-8H,,YZ1520CB2315,PROPIO,ACTIVA,346+300,PAZ HERNANDEZ,1,S19-02,20TON,horometro,4068.8,2026-05-25,,Estatus contradictorio entre columnas del Excel
CAS-200-015,VIBROCOMPACTADOR,maquinaria_pesada,SANY,SSR200C-8H,,YZ1520CB2306,PROPIO,ACTIVA,351+340,ANTONIO PONCE,2,S19-03,20TON,horometro,4106.4,2026-05-25,,
COH-119-R001,VIBROCOMPACTADOR,maquinaria_pesada,HAMM,HC119,,WHB0H281HHAA01269,RENTADO,ACTIVA,346+300,PAZ HERNANDEZ,1,S19-02,11TON,horometro,11.9,2026-05-03,,
COH-119-R002,VIBROCOMPACTADOR,maquinaria_pesada,HAMM,HC119,,WHB0H281LHAA01271,RENTADO,ACTIVA,351+340,ANTONIO PONCE,2,S19-03,11TON,horometro,22.1,2026-05-03,,
MCK-555-021,MOTONIVELADORA,maquinaria_pesada,KOMATSU,GD555-5,,K8Y06,PROPIO,ACTIVA,ALMACEN ANAHUAC,RAFAEL ARGUELLES,1,S19-02,3.7MÂ³,horometro,7991.0,2026-02-21,,
MCC-120-025,MOTONIVELADORA,maquinaria_pesada,CATERPILLAR,120LVR,,E9601063,PROPIO,ACTIVA,351+340,ANTONIO PONCE,2,S19-03,3.7MÂ³,horometro,4459.7,2026-03-12,,
MCS-200-032,MOTONIVELADORA,maquinaria_pesada,SANY,SMG200C-8C3,,PY1120CE0399,PROPIO,ACTIVA,346+300,PAZ HERNANDEZ,1,S19-02,3.6MÂ³,horometro,2338.3,2026-04-20,,
MCS-200-034,MOTONIVELADORA,maquinaria_pesada,SANY,SMG200C-8,,PY1120CE0226,PROPIO,ACTIVA,351+340,ANTONIO PONCE,2,S19-03,3.6MÂ³,horometro,1712.2,2026-06-05,,Estatus contradictorio entre columnas del Excel
MCC-140-011,MOTONIVELADORA,maquinaria_pesada,CATERPILLAR,140K,,CAT0140KTJPA06198,PROPIO,INACTIVA,351+340,ANTONIO PONCE,2,S19-03,3.7MÂ³,horometro,5714.3,2026-05-08,,Estatus contradictorio entre columnas del Excel
MCC-120-027,MOTONIVELADORA,maquinaria_pesada,CATERPILLAR,120,,CAT00120JW9600493,PROPIO,ACTIVA,346+300,PAZ HERNANDEZ,1,S19-02,3.7MÂ³,horometro,3118.0,2026-05-27,,
MHX-175-046,MARTILLO HIDRAULICO,maquinaria_pesada,XCMG,XE175,,,PROPIO,EN ESPERA,BANCO EL HUIZACHITO,ANGEL CORONEL,1,S19-03,,horometro,0.0,2026-04-22,,
MHC-B8S-047,MARTILLO HIDRAULICO,maquinaria_pesada,CATERPILLAR,B8,,HA809923,PROPIO,EN ESPERA,ALMACEN ANAHUAC,RAFAEL ARGUELLES,1,S19-02,,horometro,0.0,2026-06-11,,
MHC-B8S-049,MARTILLO HIDRAULICO,maquinaria_pesada,CATERPILLAR,B8,,,PROPIO,EN ESPERA,BANCO EL HUIZACHITO,ANGEL CORONEL,1,S19-03,,horometro,0.0,2026-06-11,,
MCJ-670-R001,MOTONIVELADORA,maquinaria_pesada,JOHN DEERE,670G,,1BZ670GALMC000083,RENTADO,ACTIVA,346+300,PAZ HERNANDEZ,1,S19-03,3.7MÂ³,horometro,6529.7,2026-06-12,,
MCJ-620-R002,MOTONIVELADORA,maquinaria_pesada,JOHN DEERE,620G,,1BZ620GAETDM00106,RENTADO,ACTIVA,BANCO EL HUIZACHITO,ANTONIO AVILA,1,S19-03,3.5MÂ³,horometro,6.0,2026-06-12,,
CPF-26-018,PIPA DE 10LT,pipa,FOTON,2026,KR-1737-A,3LD23BJ4TA001347,PROPIO,ACTIVA,346+300,PAZ HERNANDEZ,1,S19-02,"10,000LT",kilometraje,2466.0,2026-05-24,,
CPF-26-020,PIPA DE 10LT,pipa,FOTON,2026,KR-1733-A,3LD23BJ0TA001345,PROPIO,ACTIVA,351+340,ANTONIO PONCE,2,S19-03,"10,000LT",kilometraje,2680.0,2026-05-24,,
CPF-26-021,PIPA DE 10LT,pipa,FOTON,2026,KR-1736-A,3LD23BJ6TA002788,PROPIO,ACTIVA,346+300,PAZ HERNANDEZ,1,S19-02,"10,000LT",kilometraje,2181.0,2026-05-24,,
CPF-26-022,PIPA DE 10LT,pipa,FOTON,2026,KR-1731-A,3LD23BJ0SA000504,PROPIO,ACTIVA,351+340,ANTONIO PONCE,2,S19-03,"10,000LT",kilometraje,2174.0,2026-05-24,,
CPF-26-023,PIPA DE 10LT,pipa,FOTON,2026,KR-1738-A,3LD23B3J2TA001346,PROPIO,ACTIVA,BANCO EL HUIZACHITO,ANGEL CORONEL,1,S19-03,"10,000LT",kilometraje,2358.0,2026-05-24,,
CPF-26-019,PIPA DE 20LT,pipa,FOTON,2026,KR-1718-A,3LD24B3J3TA002146,PROPIO,ACTIVA,346+300,PAZ HERNANDEZ,1,S19-02,"20,000LT",kilometraje,2136.0,2026-05-24,,
CPF-26-024,PIPA DE 20LT,pipa,FOTON,2026,KR-1734-A,3LD24B3J3TA002129,PROPIO,ACTIVA,346+300,PAZ HERNANDEZ,1,S19-02,"20,000LT",kilometraje,2101.0,2026-05-24,,
CPF-26-025,PIPA DE 20LT,pipa,FOTON,2026,KR-1740-A,3LD24B3J2TA002140,PROPIO,ACTIVA,351+340,ANTONIO PONCE,2,S19-03,"20,000LT",kilometraje,2233.0,2026-05-24,,
CPF-26-026,PIPA DE 20LT,pipa,FOTON,2026,KR-1744-A,3LD24B3J7TA002151,PROPIO,ACTIVA,BANCO EL HUIZACHITO,ANGEL CORONEL,1,S19-03,"20,000LT",kilometraje,2094.0,2026-05-24,,
CPF-26-027,PIPA DE 20LT,pipa,FOTON,2026,KR-1741-A,3LD24B3J8TA002157,PROPIO,ACTIVA,346+300,PAZ HERNANDEZ,1,S19-02,"20,000LT",kilometraje,2014.0,2026-05-24,,
PPA-18L-03,PIPA DE 20LT,pipa,FREIGHTLINER,2003,RD-81-584,SALFBKBS73DL90803,RENTADO,ACTIVA,351+340,ANTONIO PONCE,2,S19-03,"20,000LT",kilometraje,,2026-03-02,,Sin lectura de horometro/kilometraje
PPA-10L-74,PIPA DE 10LT,pipa,KENWORTH,1974,WK-8259-C,,RENTADO,ACTIVA,351+340,ANTONIO PONCE,2,S19-03,"10,000LT",kilometraje,,2026-03-02,,Sin lectura de horometro/kilometraje
PPA-15L-85,PIPA DE 15LT,pipa,FORD,1985,RD-31-276,AC5CCC64466,RENTADO,ACTIVA,346+300,PAZ HERNANDEZ,1,S19-02,"15,000LT",kilometraje,,2026-03-20,,Sin lectura de horometro/kilometraje
PPA-18L-14,PIPA DE 20LT,pipa,ESTERLIN,2003,,,RENTADO,ACTIVA,351+340,ANTONIO PONCE,2,S19-03,"20,000LT",horometro,,2026-05-21,,Sin lectura de horometro/kilometraje
